source_id,ra,dec,teff_val,phot_g_mean_mag,phot_bp_mean_mag,phot_rp_mean_mag,focal,lsst_r_mag
2476281742610380032,15.366115205238172,-7.04067290283684,,20.637062,20.624258,19.279516,intra,20.604161687024867
2476186566136000640,15.326810258869177,-7.1183019947359005,,20.774559,21.345642,19.37802,intra,20.90123245934163
2476284079071499520,15.404580481802178,-6.967119841580637,,20.170183,21.068916,18.843853,intra,20.431109842731328
2476282601602748800,15.384368826968664,-6.972650550066222,,20.0576,20.163885,19.398577,intra,20.035907402334317
2476294249554054016,15.335100689360166,-6.977688738016444,,20.322432,20.995564,19.125732,intra,20.409480143605666
2476284147790977152,15.392643505135577,-6.963172764963422,,18.891972,19.31422,18.202675,intra,18.848498175521165
2476281540747054592,15.42176987817001,-7.00919300987344,5557.3174,16.76142,17.105928,16.237144,intra,16.729116383072586
2476280750473073792,15.4096060339183,-7.061846877292296,,18.222385,20.395853,16.813173,intra,20.094820496509264
2476183615492750976,15.379205179316573,-7.132690024187258,,20.01915,20.142626,19.334238,intra,19.992653926342197
2476183374974582528,15.415362950438965,-7.147490958661115,,20.257309,20.862799,19.230885,intra,20.27175285789554
2476186810948413312,15.319467797181995,-7.106156483091537,,18.255726,18.50885,17.823181,intra,18.244273915920257
2476186570430245120,15.322195150206674,-7.129737330645595,5288.955,16.263474,16.64361,15.709391,intra,16.226168006568034
2476186639149721984,15.360069511373375,-7.116375728924118,5039.415,15.86476,16.349316,15.221206,intra,15.82130245280032
2476186639149722112,15.361582845284127,-7.121798232798191,,18.388351,18.484694,18.081644,intra,18.425441046985107
2476186978451136000,15.32786894721986,-7.092443286029628,,18.75509,20.001228,17.507467,intra,19.206781567928836
2476183546773269376,15.344705182459492,-7.148152242202424,,18.039083,18.592386,17.29386,intra,18.002244847648193
2476283804195682432,15.424546980845511,-6.983990525172994,,20.427084,21.104414,19.24617,intra,20.50982849487063
2476296040555754880,15.401981481834703,-6.926826454784676,,21.203497,,,intra,
2476186566134254336,15.323863228961503,-7.12573161095011,,19.540062,20.376923,18.580597,intra,19.60117958736675
2476294700526179968,15.347742739411643,-6.940182131822965,,21.284609,,,intra,
2476186978451136896,15.330793261229065,-7.089957936114748,,20.409029,20.5548,19.776512,intra,20.385832931181547
2476186497414775680,15.338857410182532,-7.128554669306046,,18.158598,19.548214,16.963285,intra,18.68776918518901
2476282640258020736,15.37828878531444,-6.975386247554166,,21.214811,,,intra,
2476186600494000000,15.337213013132432,-7.1159390541451435,,20.021502,21.020542,18.688288,intra,20.352016522654026
2476282498523527552,15.33882229023823,-6.994329949380077,,17.492798,18.069038,16.758938,intra,17.456856593567615
2476282017487186560,15.337229668803852,-7.013660589899322,,20.923922,21.005726,19.743242,intra,20.88466709121442
2476282154926137472,15.377516390875968,-7.023488517217046,,19.371359,19.791262,18.778639,intra,19.3299395828562
2476280509954883072,15.380961809032497,-7.102422315715126,4247.25,16.061783,16.849855,15.200824,intra,16.080383630700574
2476294391288461696,15.362935211397168,-6.960535078478315,,21.081512,,,intra,
2476281746905463936,15.365668955284564,-7.041552136440703,,17.158796,17.967615,16.22612,intra,17.202646514163664
2476280509954882944,15.372028567258972,-7.095173807879631,,20.006786,20.943487,18.723398,intra,20.26468611338399
2476282056143109120,15.346013779247482,-7.013649199048492,5439.5,14.890505,15.26633,14.348109,intra,14.854293842538194
2476281330292415360,15.399742564745114,-7.03634869972909,,21.078152,,,intra,
2476281746905464064,15.360350615206332,-7.04751229523713,4907.27,12.98603,13.523246,12.279495,intra,12.945740266040042
2476281330292414848,15.402363503735197,-7.037417250069836,,21.07886,,,intra,
2476281639530058112,15.347506871422192,-7.044472728416809,,20.933643,21.085072,19.841173,intra,20.8933608558971
2476183508117529856,15.363815615896499,-7.1426615466999746,,19.297451,,,intra,
2476281880048226560,15.318286219824717,-7.045496282402767,,19.584621,19.784231,18.998734,intra,19.56061067888452
2476281742609273472,15.353899664313307,-7.044517572745849,,19.62338,19.910463,18.956535,intra,19.58484222546075
2476294528728136448,15.315043519223204,-6.9645983308402455,3785.6335,16.82214,18.20695,15.660592,intra,17.31771051776799
2476294356929444736,15.343218772789967,-6.964935145257731,,17.123072,18.163439,16.09275,intra,17.298127614733797
2476294734886566528,15.322821096881434,-6.9398712862088985,5527.315,16.803114,17.167933,16.252304,intra,16.767088149149686
2476186119457644928,15.326759882212567,-7.141129272883171,,17.865524,18.746397,16.904743,intra,17.942248792003355
2476187773020054144,15.33300964684613,-7.069822524288782,,17.20265,17.692348,16.531439,intra,17.159541494108584
2476280814896333312,15.373506141648013,-7.068996000680531,,20.996214,20.971987,19.954187,intra,20.95459831153589
2476280814896332800,15.37305361688052,-7.0721534868515725,,20.968311,21.006891,20.206684,intra,20.942685751370504
2476282051846925440,15.338580302645209,-7.01146985252796,,18.529732,19.423271,17.532455,intra,18.62478209752007
2476277280139499392,15.419690459936056,-7.120083385173354,4901.0,13.822843,14.339683,13.156613,intra,13.780212960244839
2476280574378162304,15.373911789345614,-7.085671704591245,,21.10985,,,intra,
2476282326724834560,15.418724210115286,-6.996512401773214,,20.96385,20.892462,19.377499,intra,20.954043160006393
2476280643097640448,15.406690324623266,-7.076737129351092,,20.747406,21.66687,19.309597,intra,21.09538488888895
2476277688160138752,15.413191804897886,-7.08670487090643,,18.430758,19.044575,17.637098,intra,18.404760285039263
2476183164520142336,15.337990667293179,-7.147090473959705,,18.98545,20.441854,17.656443,intra,19.709352654289916
2476277585080921984,15.393314593535177,-7.095737874807057,,18.815954,19.887154,17.70558,intra,19.051012390639915
2476294391289288960,15.35951514166028,-6.9605894401335044,,20.020842,19.839798,18.62714,intra,19.97916220385918
2476296177995676160,15.357863900578922,-6.925085539389915,,21.124708,,,intra,
2476294494367650176,15.366078940745993,-6.945545218772817,,21.206861,,,intra,
2476277589377153920,15.404315720873054,-7.0964798013779555,4903.45,16.671743,17.16736,16.014282,intra,16.628512497436727
2476183684212222592,15.367161472063492,-7.1195109706818895,4898.0,14.637009,15.166393,13.959084,intra,14.595130747819947
2476183576838774528,15.36081731501303,-7.127062781878188,,21.208492,,,intra,
2476295486504649216,15.318891727077803,-6.927068873877518,,19.066961,20.789642,17.710228,intra,20.14119041460763
2476187837444610304,15.320197119907778,-7.062845470959776,,18.782671,20.189678,17.506344,intra,19.40314707813802
2476295903117690240,15.37563162301151,-6.946497971156361,4996.6665,15.724165,16.30025,15.008858,intra,15.686803522345953
2476281059710718976,15.421506039794082,-7.055205190055355,4230.0,12.781121,13.537589,11.944404,intra,12.786740589092894
2476284182150721536,15.399959865862185,-6.940420162735538,,19.120348,20.048208,18.042,intra,19.264322422073096
2476282399740513152,15.404901946136686,-6.990359662522344,3713.5032,16.254133,17.819263,15.023649,intra,16.988873326691383
2476282640258681088,15.37011124181954,-6.9794664859763715,5134.05,14.079377,14.511907,13.49623,intra,14.037840644087767
2476282571539204480,15.387551007401532,-6.979720520206872,,17.454721,17.749292,16.968088,intra,17.431193774827918
2476281540747054336,15.411532525883592,-7.005535355530509,,18.981768,20.072493,17.80375,intra,19.27003871867877
2476282331021036544,15.414284755716714,-6.98744320958089,4969.1445,13.870159,14.345363,13.244198,intra,13.826728876842733
2476296173699415680,15.353046743400212,-6.928766336694809,,19.938833,20.670376,18.820786,intra,20.018416641125032
2476284220806645504,15.41817736877427,-6.94354968595345,5128.6836,16.906292,17.31455,16.320694,intra,16.865663643750633
2476294730590402176,15.32831334781195,-6.9349317296677,,19.87878,21.041027,18.62845,intra,20.26704608561506
2476294421352750592,15.379539164169506,-6.956751557354994,,20.90005,21.467268,19.573051,intra,20.99642249677561
2473467237656235776,15.309956381674969,-9.434884721072978,6352.25,11.543802,11.818543,11.124758,intra,11.531228780635788
2473385216664942080,15.221669795001427,-9.456528231529793,,18.625818,19.372711,17.7131,intra,18.647067588627092
2473384838707942912,15.214293813690075,-9.455593949342967,,20.69381,20.699032,19.863134,intra,20.664531318622473
2473466619181047808,15.419594934691126,-9.447093478574136,,20.578417,20.762863,20.074507,intra,20.566591843974088
2473384804349663744,15.210650740672994,-9.47135038878386,,20.913559,20.592936,19.684027,intra,20.878023782111498
2473384426391078912,15.21654830553251,-9.496588498153052,,20.773062,20.475676,19.967793,intra,20.790162309346634
2473384426392519936,15.208663456117728,-9.496719931278603,,20.480207,21.135752,19.069263,intra,20.65315423636234
2473467753052316800,15.347405175851907,-9.39898057454599,5367.0,15.245134,15.648375,14.681082,intra,15.205835509072543
2473467886195794176,15.366042255230589,-9.387211197338448,,20.649881,21.068924,19.614979,intra,20.630191202738953
2473467787412055296,15.361854381731991,-9.400448626527433,,17.379736,18.258568,16.427498,intra,17.452706959804825
2473467031497811712,15.369776937441562,-9.44648611535857,,17.225328,18.409615,16.111485,intra,17.532775470450595
2473467130281013504,15.312601610218522,-9.446834098014383,,20.80798,20.890537,19.541615,intra,20.77548322869545
2473479568506304768,15.318105129467076,-9.387846566313167,,20.635412,20.727962,19.913578,intra,20.608290205929183
2473479568506304640,15.328567605615826,-9.38956450732729,,19.962029,20.516716,19.104403,intra,19.936639669136234
2473479224908919808,15.274613799118672,-9.414127437283199,,17.825779,18.476397,17.032116,intra,17.804691818088823
2473479018750489216,15.276577868997562,-9.424501477033434,,19.45637,20.555428,18.164799,intra,19.82836825877752
2473465824611288192,15.367637665943372,-9.49239999922342,,20.324728,20.586231,19.632734,intra,20.286215766177456
2473466172503326976,15.373970072379098,-9.47284242522535,,19.572655,21.031933,18.085491,intra,20.47851749299209
2473386492270439424,15.2133290029778,-9.392034721373397,,20.562954,21.013905,19.168251,intra,20.641114999779813
2473466687899887744,15.41008753315011,-9.435873188128072,,21.059612,,,intra,
2473384430686713216,15.221135226937747,-9.495193776384216,,17.096977,17.70886,16.366602,intra,17.06384063829447
2473479568506304512,15.324984282652844,-9.389727701341538,,20.398926,20.619633,19.774143,intra,20.368730701136034
2473466309942721152,15.42030903670664,-9.467889323395987,,21.336737,,,intra,
2473467576957956480,15.413906675047333,-9.412258989470091,,20.48889,20.639532,19.7487,intra,20.45474711803461
2473466374367198848,15.415023353107618,-9.467950931823763,,20.939373,20.949669,19.86814,intra,20.89613777590798
2473372984598314624,15.318762111500646,-9.486538970761297,,18.807133,19.19605,18.16482,intra,18.765052858896798
2473467645677434368,15.40605469961802,-9.402510188318086,,18.789783,19.946777,17.675737,intra,19.079529890701576
2473467302080047872,15.35266709342128,-9.422144942659486,,19.537561,20.86035,18.195988,intra,20.139801226745934
2473466786683972736,15.41505590817871,-9.418919857022713,,19.561253,19.105877,17.478825,intra,19.57454502509604
2473385251024686592,15.236261955701963,-9.442622446790109,,17.906498,18.902952,16.854136,intra,18.070702381934932
2473466683604755968,15.403725380209593,-9.425528839714723,,20.571842,20.780964,19.899126,intra,20.53843084111607
2473466649245015680,15.386115785224721,-9.441791527555493,,17.685888,18.398739,16.77164,intra,17.69919109872699
2473466889763180928,15.353536180693341,-9.46193230756592,,19.053577,19.966173,18.048428,intra,19.159293936551673
2473465996409981696,15.403652684334984,-9.475187735221196,,19.612429,19.90369,19.07529,intra,19.583886259681126
2473465962050242816,15.401330985823888,-9.479957896699654,,19.948484,20.402222,19.285355,intra,19.905003827299595
2473465893330764672,15.40153694724466,-9.492927897375667,,20.021975,20.352598,19.401978,intra,19.98363486174909
2473373229412005376,15.277421614485306,-9.4718726593531,,17.497341,18.124815,16.7275,intra,17.47010085159579
2473373298131482240,15.304308390049307,-9.461707952274168,7007.0,16.100363,16.193073,15.675437,intra,16.115713254292743
2473465927690503680,15.415416643429952,-9.488609648336642,,19.984804,20.87946,18.849321,intra,20.139993870772635
2473384636845143296,15.234100665378637,-9.467978917909647,5370.0,15.073506,15.469404,14.511027,intra,15.03470825523958
2473372915880235136,15.281140910131388,-9.49165841036129,,20.386343,21.019258,19.050142,intra,20.513668517947234
2473386286112584192,15.234651878882838,-9.395589265510077,4228.6665,16.799685,17.60871,15.907982,intra,16.831814304015623
2473373053319189120,15.307454547178809,-9.482298377326469,,20.760916,21.199888,19.486122,intra,20.796691817906197
2473385182306837120,15.278122441742433,-9.431245354641316,,20.816723,21.676912,19.447035,intra,21.080596062455847
2473386453615685888,15.20904549770609,-9.390248596093821,,17.733875,17.712254,17.573957,intra,17.829214310698955
2473466133849659520,15.35895811083767,-9.474238304104347,,20.802704,21.509382,19.510918,intra,20.94312909545591
2473467439519717632,15.399780370525052,-9.426471344887075,,20.669178,21.81683,19.385912,intra,21.071323122860093
2473465996410705024,15.40338923983289,-9.476203550957774,,20.911606,21.325281,19.52675,intra,20.973454624780754
2473478950032071296,15.286322991944212,-9.436771779095366,,21.032001,,,intra,
2473467233361282688,15.310229391946972,-9.43677110747287,,19.661669,19.637508,18.723185,intra,19.625737349219776
2473385182305211648,15.267861208187387,-9.437261794042339,,19.966068,20.748358,18.666372,intra,20.146853315499563
2473466924122919168,15.322411807561233,-9.462110637654963,,19.455446,20.33805,18.498623,intra,19.531375355285967
2473465931986212608,15.416114044866147,-9.486003723696772,,19.985643,19.525284,18.052496,intra,19.96880873501056
2473466241223829504,15.372790450859176,-9.456532162721919,5337.3335,13.866255,14.293084,13.293003,intra,13.825350494096838
2473373190756506624,15.25833162476686,-9.4766315894113,,20.2266,20.4098,19.684782,intra,20.209873976149478
2473385354105487744,15.251104533975521,-9.429622269945371,,20.94837,20.995247,19.462234,intra,20.94184369118435
2473466997138073088,15.362428698292291,-9.448979540868145,,20.032156,20.748644,18.986397,intra,20.08233678865021
2473467787412055040,15.352186872362868,-9.39525439383098,5869.3125,14.930398,15.246679,14.447304,intra,14.904862412589486
2473467478174410112,15.368432138812626,-9.430245503645267,5935.325,8.816179,9.122347,8.382051,intra,8.797516988784196
2473373018959463424,15.33233902680263,-9.481514181965018,,20.726482,21.823845,19.611168,intra,20.979904591798707
2473466138144608256,15.359354742248545,-9.46312919918633,,19.25842,19.527235,18.773298,intra,19.238083576387282
2474035783951374592,12.902730521230701,-9.314398642976622,,20.168518,20.14354,19.506102,intra,20.16407426128048
2474035749591636096,12.931870985228613,-9.314634569991517,,19.611752,20.093615,18.792297,intra,19.575124754402395
2473845259202772480,12.91149257363985,-9.443765677346581,,20.590279,21.033092,19.258223,intra,20.644431614216007
2474036406722694016,12.871746949735293,-9.31557473117576,,17.2037,18.218046,16.19558,intra,17.355253046996594
2473846053771173248,12.92172971707151,-9.388594746729018,,21.110794,,,intra,
2474035474716448000,12.952547834295284,-9.332767923529476,,20.3079,20.673632,19.141205,intra,20.301264587757036
2474034065964442624,12.878217827624505,-9.352640973864705,,19.726147,19.30872,17.898802,intra,19.70045498684503
2473847565599661568,12.938019147936767,-9.381281822715453,,21.352184,,,intra,
2474035371634499712,12.908082874457577,-9.355769193689511,,18.935406,19.680729,17.983786,intra,18.966494550043215
2474033859806007808,12.894486813899485,-9.367715885077265,,18.870249,20.142061,17.609802,intra,19.353839237048096
2474035341570804992,12.927823296809121,-9.347979637563979,5554.25,13.102351,13.488228,12.560128,intra,13.065453790853844
2473844232705614592,12.937892890016638,-9.475298241989911,,21.354666,,,intra,
2474035307211055744,12.926885159369018,-9.357193544763357,,20.276255,20.876965,19.302607,intra,20.27787193621391
2473844262770362496,12.900990904606763,-9.484640965743957,,20.9891,21.18914,19.828465,intra,20.95778057351506
2473847630024725632,12.937327761019658,-9.3668525486938,,21.083559,,,intra,
2474036441081564416,12.884955083348517,-9.316592546973595,,21.163834,,,intra,
2474035783954040832,12.905841635588272,-9.313341386945162,,19.18704,18.49182,17.162174,intra,19.152748205702473
2473847771759051520,12.955289333142453,-9.345820557178905,,17.79576,18.048262,17.367516,intra,17.78499627821239
2473845607095535232,12.87441040565692,-9.414768396183598,4973.0,16.480696,16.97746,15.83051,intra,16.437387024724693
2473847359442192256,12.950835437050667,-9.383862668357928,,19.525063,20.50991,18.191788,intra,19.845919744235015
2473846019412395392,12.896976933472265,-9.395205869348844,,18.587507,19.233263,17.769197,intra,18.569329376485076
2473845572735797248,12.868370617569191,-9.421050896850016,6372.75,13.77041,14.026345,13.35734,intra,13.761313044675086
2473845847613704576,12.933790862231701,-9.408731350227585,4916.217,12.621347,13.142264,11.959976,intra,12.578696701220144
2473844919900769792,12.93865807206356,-9.432406199036611,5879.0,16.568213,16.877527,16.083801,intra,16.543291521793577
2473845091699462016,12.876312693179361,-9.477342512309272,,19.689768,20.090343,18.89035,intra,19.64763744913327
2473845126059200256,12.88728982164676,-9.469184025144342,,19.135052,20.225399,17.850348,intra,19.4957274901994
2473844919900769664,12.936829974785429,-9.429640438442405,,19.732267,20.57864,18.617783,intra,19.856005698396604
2473845194778676480,12.871970515696507,-9.448501038229349,,20.242887,20.163197,19.589046,intra,20.248495537838412
2473844198346265472,12.928988023099834,-9.481713797626524,6486.0,15.559472,15.819992,15.116098,intra,15.54552638049379
2473844404504695552,12.91879827704397,-9.47551140517746,,15.945968,,,intra,
2473844438864433280,12.931368006063883,-9.462085936748723,4301.12,14.9122505,15.701697,14.044893,intra,14.932791330265808
2473838455973900160,12.867550224155128,-9.488578900173014,,19.792143,19.79332,19.259459,intra,19.80462596663646
2474036269282490624,12.961954128636096,-9.279384495489902,,19.736555,20.94168,18.464895,intra,20.174555958539386
2473844404503203712,12.917751191076237,-9.475156252532354,,19.15433,,,intra,
2473844331489163264,12.88683818158112,-9.475246301427013,,17.307196,18.68048,16.129538,intra,17.80669633313591
2473844468928118400,12.89937465915152,-9.461195488675994,,18.125225,19.323355,16.986588,intra,18.458855090180503
2474036819038295808,12.867966442048806,-9.282555354750423,,20.45056,,,intra,
2474036952185172736,12.922806774760367,-9.277848860252714,,21.082314,,,intra,
2473845774598185088,12.940938740972799,-9.409765298420355,,19.545538,19.820324,18.946125,intra,19.512768450857045
2473845843317663232,12.928406047675834,-9.400406301741468,,20.397732,20.354599,19.727062,intra,20.394798297578564
2473846015116356480,12.890442299989132,-9.392829087551963,,19.311056,19.53346,18.745472,intra,19.286767796366288
2473846015116355840,12.899802367665123,-9.395373773698365,,20.375183,20.795609,19.172613,intra,20.38752386615008
2473846083835834112,12.935322909873506,-9.38382665809671,,20.402494,21.18245,19.014431,intra,20.62976220696818
2473846118195571840,12.917157816314102,-9.38854677075607,,19.985012,20.905046,18.891413,intra,20.13242616328633
2473847767463017344,12.945907573434736,-9.350283005902446,,20.790428,20.72547,20.00663,intra,20.774502797459693
2474033692303353088,12.890254844543202,-9.390081444386423,,19.734966,20.01446,18.985083,intra,19.692946085843413
2474035444650008832,12.935791322306155,-9.337562167567464,,20.062662,20.189924,19.317774,intra,20.030067674921888
2474033864102044032,12.88204778026689,-9.367787197718911,5325.6665,14.598137,15.022788,14.0163,intra,14.556962505207297
2474034138979950720,12.86164553282982,-9.354248824989376,6175.0,14.599352,14.889696,14.14103,intra,14.579656477407084
2473845259202104448,12.91332696004524,-9.442284497789236,,17.811974,18.216566,17.210785,intra,17.770828586800597
2473845293561842944,12.885365516337098,-9.440350084381052,,20.818192,20.727781,19.484194,intra,20.777893866507032
2474036784679802368,12.85291773144705,-9.283876299541946,,19.915184,19.488285,17.86756,intra,19.926996158053363
2474036574225832576,12.911522792714154,-9.287152228775998,,20.99529,20.339619,19.758928,intra,20.999816653303956
2474036681600587648,12.853493371391208,-9.292265899101567,5796.5,15.767611,16.098806,15.266699,intra,15.738702290203546
2474036819039540992,12.86815722506774,-9.282621987687213,,18.041971,19.126074,16.849865,intra,18.335053830953285
2473844022251513344,12.926379134902565,-9.497270273573365,,19.074526,20.449411,17.822426,intra,19.641728177319077
2474036819039541504,12.886177347317462,-9.281622262108861,6966.78,10.677182,10.880296,10.356012,intra,10.691350706181774
2474035650808438656,12.885348387568516,-9.33509202537179,5757.0,15.168227,15.513777,14.658133,intra,15.137092046851956
2474034929253932288,12.871201569545457,-9.325916332799544,,19.181408,19.547047,18.567917,intra,19.141486755350442
2474035788247391744,12.914389580077781,-9.310456306890979,4462.125,15.879078,16.510574,15.096959,intra,15.853854357837971
2473845912037137792,12.901550039696222,-9.416216724146858,,19.582273,20.590555,18.34541,intra,19.85560028054625
2474036475442158464,12.865561495397573,-9.314154778717905,4903.38,16.238995,16.817223,15.527621,intra,16.201505718322174
2474035543433682560,12.938502177902782,-9.318144494314812,,21.022253,,,intra,
2474036784679802112,12.859588893260604,-9.278377834398803,,17.631723,18.130869,16.937675,intra,17.589377707047436
2474036441081181824,12.887258288054362,-9.30868575160731,,18.99125,18.63804,17.4378,intra,18.949127607615672
2473844473224171136,12.912581733896873,-9.458101756716415,,20.246254,21.357798,18.901293,intra,20.66819810155066
2474035783951847296,12.91545112939998,-9.310114135038448,,19.728067,20.616795,18.369133,intra,20.00296896728176
2474033864102044160,12.885728327653013,-9.367932681976152,6750.6997,12.718543,13.006497,12.277121,intra,12.701258268714712
2474033829742306176,12.906894193915795,-9.367341391149287,,19.675629,20.871904,18.302757,intra,20.190905012520886
2473847668679836672,12.944633546593131,-9.363181171700301,,19.668518,19.81373,19.164297,intra,19.66227694614553
2473844846885288192,12.960719782022556,-9.443080535044855,,20.70454,21.331568,19.07195,intra,20.9869844346235
2474036814743539712,12.870007267977655,-9.27901075317652,,19.406158,20.609306,18.19778,intra,19.79363664471019
2473847703038550016,12.96118867358566,-9.363347662741125,,20.562996,21.282671,19.428253,intra,20.6443374674841
2473844129626788864,12.938783973468663,-9.484522146087416,4995.705,14.937269,15.439928,14.291128,intra,14.893982147574805
2474033894168417024,12.898620019754052,-9.35666970420407,,20.33408,21.276695,18.956396,intra,20.656414812683476
2473844026547381376,12.933634490246734,-9.497157405414299,,21.223305,,,intra,
2473845847613704320,12.923089739105322,-9.405570295768714,,19.877773,20.472004,19.026648,intra,19.856839022403168
2473845985052656896,12.886754055616503,-9.39929512964387,,18.862398,19.09307,18.399149,intra,18.84980613966758
2473844400208572416,12.918692092909096,-9.475329543291505,5861.0,12.337485,12.617882,11.8460455,intra,12.315030226597765
2474036574225364224,12.915729628665199,-9.292284343286218,,20.300632,20.533579,19.672981,intra,20.269050141780287
2474033829741448064,12.906620427262958,-9.36978948676773,,20.907194,20.89525,20.294064,intra,20.90839359812636
2473841170394451584,12.94519939565846,-9.497337935106854,,20.52499,21.128115,19.16912,intra,20.647926053421568
2474036814743534080,12.87868670469605,-9.289421175595647,,20.010668,21.104254,18.715982,intra,20.38094120546888
2473844163986658432,12.959914001066537,-9.480236615803237,,20.934837,20.878164,19.982206,intra,20.90028862519576
2474034070259239424,12.871622485641836,-9.357030643162839,,20.028515,21.338352,18.742039,intra,20.56783621814481
2474035921390327168,12.950023571491041,-9.315473830221823,,21.041832,,,intra,
2474035852670849024,12.95862426542431,-9.321049074191432,,18.969671,19.210815,18.45324,intra,18.948896745545554
2474033756726789120,12.880806903447484,-9.37509680363843,,19.790295,20.91545,18.61128,intra,20.101762530006418
2522822527920642304,12.933119070750976,-6.984992647190044,,18.836458,19.856781,17.808582,intra,19.00036090174346
2522821600207707904,12.959104305547015,-7.025562710568576,,19.53624,20.884893,18.3056,intra,20.060425556164486
2522821531488230912,12.931893390431272,-7.030086730555423,,17.741743,18.566582,16.873404,intra,17.771804234255647
2522821703286922496,12.964278799501553,-7.002389341699203,,19.24741,20.044878,18.426203,intra,19.258747274436143
2522822905877766016,12.991007258402911,-7.014357904061647,,18.012222,19.066216,17.010025,intra,18.18004953270467
2522821840725875712,12.879145493485074,-7.0356548698494095,3562.0,16.769732,17.919432,15.696953,intra,17.029084246110365
2522821424113026176,12.995823248033654,-7.020932016759912,,20.143127,21.113127,18.96474,intra,20.359339824370707
2522823382618116480,13.048393864531807,-6.977493811173711,,20.705597,20.827175,20.223415,intra,20.706385623513967
2523010608832665984,12.869128855296427,-6.956255331003427,,19.076336,20.401188,17.85268,intra,19.573747567453943
2522819882220811648,13.01699865342774,-7.023301113928079,5796.6665,16.972357,17.306982,16.483955,intra,16.944352036415193
2522819916580550272,13.026186417209374,-7.024188899637561,5325.305,14.423209,14.840575,13.838854,intra,14.382234006981536
2522819882220812032,13.027328058429108,-7.032203315111636,,19.396843,20.868849,18.129034,intra,20.073430425406535
2522822940237526272,12.99910675326081,-7.00142945233998,,18.168287,19.45234,17.05049,intra,18.54855604366526
2522823730511508608,13.010215018040665,-6.957095460643496,,17.487467,18.28816,16.614882,intra,17.512229215628796
2522823794934978688,13.052932758659018,-6.94893447288092,,19.799837,21.177437,18.56812,intra,20.350883575077752
2522823760575240832,13.02978454885666,-6.946765718497442,,19.143646,20.31735,17.93674,intra,19.508340795868477
2523009921637889664,12.869761645658496,-6.99472952898593,,20.51612,20.575857,19.980328,intra,20.518228241926554
2522823073382967424,13.024402705948704,-6.979009086362896,,20.907621,21.404985,19.892305,intra,20.89741097883953
2522820358961163776,13.074619022225187,-7.0033565578408465,,20.265718,21.546574,19.021807,intra,20.743007373771693
2522819744781870592,13.068887274544288,-7.032598266279925,,19.808554,19.306238,17.70318,intra,19.816347253601442
2522820363257159936,13.068990583753857,-6.99835916495116,,19.668407,19.985872,19.250095,intra,19.650310995510726
2522823043316788992,13.017698589950655,-6.990437989487124,,20.441816,21.311365,19.45172,intra,20.52507647331888
2522821531488366464,12.93805643683863,-7.028454146329015,,20.530094,21.18771,19.47781,intra,20.564778599457192
2522819946644331136,13.052963770702968,-7.013462554864514,,21.143566,,,intra,
2523010608832667392,12.86076385883907,-6.951907437804842,,19.593025,20.332577,18.690214,intra,19.60998746089453
2523010814991102464,12.881113900130396,-6.927215038236768,,21.081387,,,intra,
2522824241612778880,12.96041749906195,-6.952427170496792,,21.212494,,,intra,
2523010338250716160,12.880463246024732,-6.970664641346728,,19.046633,19.40031,18.513334,intra,19.01280067927321
2522823902310210304,13.045999260940327,-6.925766803369303,,18.853607,19.035889,18.473736,intra,18.861225315034442
2522820466336374528,13.075299601501833,-6.981890113902974,,19.852776,20.652618,18.620398,intra,20.008958883336117
2522823764871257216,13.034123124904273,-6.948511343288093,,20.279049,20.897884,19.211594,intra,20.307251219214294
2522821389755757312,12.98340656770267,-7.031435026056642,,20.02936,21.438972,18.856878,intra,20.556020071617173
2523010578768884480,12.857267891378042,-6.970152711764149,,19.642412,20.99615,18.400595,intra,20.181054061834676
2523010613128622080,12.861750531573497,-6.95053449485116,,19.25521,20.60202,18.095797,intra,19.71709753137664
2522822420546628864,12.94085722171316,-7.001737080660788,,21.05616,,,intra,
2522822798503733888,12.921369540550902,-6.957476487338425,,20.969576,22.015083,19.540684,intra,21.405671006425163
2523010368316361984,12.866039015738373,-6.965555326072078,,20.928736,21.365791,19.60422,intra,20.978706671489043
2522822905877765760,12.992695250427598,-7.006802877502269,3439.75,16.53681,17.878593,15.387166,intra,16.986605717861675
2522821909444727296,12.91306579334017,-7.0269508764950235,,20.799044,21.476004,19.60232,intra,20.88754084508334
2522824275972485760,12.923778511122206,-6.955394244447951,,20.640701,20.625229,19.815063,intra,20.61401827231841
2523010372610526592,12.86635802504771,-6.975621894063869,,20.573206,20.790428,19.201433,intra,20.577918673853446
2523010510049407616,12.891492395941457,-6.951371113445907,5135.0,16.487766,17.073359,15.772081,intra,16.451135708550396
2522824280267298688,12.933666567196717,-6.956577882924342,,19.678596,20.405666,18.953083,intra,19.65870651770693
2522824348986775552,12.966749426218781,-6.949980906320456,,19.848032,20.303667,19.393261,intra,19.812386212358806
2522822081244043776,12.85383794007045,-7.030405911391666,4994.9775,15.972526,16.522076,15.291216,intra,15.931610712577486
2522822012524567424,12.857851013551633,-7.0348341443358695,,19.693819,20.001387,19.257175,intra,19.67467104297368
2522822253042735232,12.878550063970717,-7.004223498262494,,19.045376,19.342194,18.553669,intra,19.021028126182348
2476187803086571904,15.301564064163356,-7.0707593999791225,,20.597227,20.697338,19.211235,extra,20.582515759363005
2476199657194620544,15.208731990232973,-7.044810974388812,,19.278723,20.204504,18.069674,extra,19.487457399805628
2476187188905542784,15.272930820094746,-7.120350871718584,,20.375593,21.033745,19.14629,extra,20.469343252488258
2476294833669608960,15.25998064619748,-6.965769977648782,,19.712833,20.721365,18.48982,extra,19.977730769346365
2476187803084870272,15.30559676196989,-7.066867234203668,,19.782917,20.483664,18.814934,extra,19.80649891070779
2476187803084871168,15.30883338915224,-7.06438888462147,,19.677216,20.20102,18.99366,extra,19.63533958409636
2476201031584179328,15.224357667578031,-6.983336007466624,,18.936478,20.473225,17.702814,extra,19.644614141401668
2476187871804343040,15.273849294901678,-7.073546003562996,,18.900694,20.1263,17.724993,extra,19.280560586272056
2476199691556019840,15.248669041764265,-7.061875890603711,,21.123928,,,extra,
2476186359977552384,15.283844632968147,-7.134382343212964,,21.222927,,,extra,
2476187562568381440,15.258167822563589,-7.078207965470217,,21.083704,,,extra,
2476187566862655232,15.249201873843678,-7.071245961651676,4360.0,16.283867,17.024673,15.45588,extra,16.28433633746065
2476199558411345152,15.204734406240453,-7.057748840120742,5119.85,17.06809,17.521706,16.45195,extra,17.025041276386162
2476199902008728704,15.266128068348419,-7.0294336460094895,5783.0,17.036217,17.37349,16.527184,extra,17.00594501880927
2476201001520355584,15.220649206558003,-6.995309535646579,,19.19645,19.513277,18.637587,extra,19.16355377473433
2476200211246373504,15.249408253791712,-7.010505625936897,5601.033,16.068113,16.431353,15.53708,extra,16.033696989147323
2476188009243306496,15.296121162587921,-7.0556358167479445,,20.55588,20.81092,19.85154,extra,20.517024573485248
2476187463783447936,15.251766718927524,-7.090948383435822,3980.843,16.550385,17.694447,15.488665,extra,16.79967748764002
2476187532502917248,15.240182095661735,-7.088853418989159,3833.9126,16.37234,17.483278,15.328965,extra,16.591861709452715
2476187532502917120,15.238111212666707,-7.088671078058676,,18.896286,19.63425,17.9729,extra,18.917976844113355
2476187291984749184,15.271379401009684,-7.093780215019943,,17.87327,19.246056,16.702597,extra,18.366364030054815
2476187738661347840,15.31277084362656,-7.074717502419264,4224.0,14.9295845,15.745477,14.047357,extra,14.960995829366473
2476187669941871488,15.284678492878415,-7.09013600998922,,17.578335,18.6732,16.524668,extra,17.794628497126435
2476187223265272960,15.278745517260822,-7.107945283410061,,19.26593,19.63683,18.713575,extra,19.229365242938933
2476187635582133248,15.299827182996085,-7.0885372945620215,,19.59255,20.737862,18.370878,extra,19.947434579851482
2476185608357570176,15.2124376095066,-7.138658890606359,5348.0,15.169921,15.560469,14.607616,extra,15.131447046066965
2476187459487472384,15.243907537989505,-7.093880410328312,,20.261198,20.892525,19.160065,extra,20.30236953814488
2476184818083588096,15.245247782658277,-7.147885575308147,5054.325,14.701864,15.154168,14.090261,extra,14.65892715568772
2476199146094492928,15.205531669295196,-7.095042461331984,,20.530172,20.917503,19.589788,extra,20.495709626694165
2476187081530332288,15.253866163831567,-7.12347128624681,,18.662811,20.14354,17.39251,extra,19.350867853267438
2476185844579752320,15.217018162129001,-7.121869425285411,,17.775185,18.502296,16.917086,extra,17.7790863671667
2476187871804340736,15.275483840126258,-7.080834247761696,,20.24373,20.79031,19.407084,extra,20.21484745721036
2476187184609549824,15.268375739859406,-7.119282268069313,,19.79607,21.046726,18.43428,extra,20.349958818323703
2476187493847219584,15.260263042971907,-7.078516910768016,,20.613228,21.46353,19.318975,extra,20.827314112551754
2476294872325095808,15.232700403960946,-6.969386496019771,,21.20776,,,extra,
2476186329911076864,15.272436029510185,-7.1393921097559385,,20.307047,21.01726,18.918413,extra,20.49654386290338
2476298102140171648,15.20520811698323,-6.93666960898782,,21.318922,,,extra,
2476186428695306496,15.278435853516227,-7.118750532931241,,18.788952,20.19527,17.583647,extra,19.342092454546567
2476187218969459584,15.288334705434888,-7.101413975997861,,20.59919,21.69669,19.125689,extra,21.116087779826444
2476295628239113344,15.269378298623447,-6.926028044879035,,21.100784,,,extra,
2476187047170584320,15.252657114119701,-7.136422202634136,,18.390797,19.639624,17.266285,extra,18.75023939988029
2476186841012176640,15.304158098427411,-7.10394033504674,,18.126938,18.581905,17.460024,extra,18.083461858288395
2476294868030261248,15.236992932222055,-6.9787892357273185,,20.914682,20.922243,19.827919,extra,20.87130318541865
2476293772813887616,15.285145307047163,-7.012150171223798,5790.3335,13.063397,13.401095,12.564452,extra,13.034046124003488
2476294116411271168,15.290098596198083,-6.986154753533198,5041.0,13.548387,14.0101185,12.936554,extra,13.505272272856654
2476294906685253248,15.2472580631105,-6.960633634565944,5105.5,14.283843,14.730861,13.688876,extra,14.241437830026017
2476294116410553984,15.295004752617098,-6.9841676989864965,,21.104467,,,extra,
2476294803606038400,15.2508129811875,-6.976726800468127,,19.576994,19.903954,19.044344,extra,19.545500663326717
2476295628239758720,15.277999104390299,-6.929388163737623,3590.8774,13.216278,14.486454,12.101328,extra,13.584255305226648
2476281948767706240,15.30206157847767,-7.034093724751527,,20.180206,20.73752,19.056944,extra,20.206886058028985
2476298136500659328,15.212277942715929,-6.932076872759276,4614.96,15.800323,16.460205,15.02039,extra,15.778605322397622
2476295353361852160,15.293274393450563,-6.954628859228686,5333.06,16.145672,16.570774,15.555777,extra,16.1041613941845
2476187669941870976,15.285243544015627,-7.084580710391546,,17.61979,17.906649,17.108038,extra,17.594336923862784
2476187635581267712,15.30859276338894,-7.09075922806831,,21.217552,,,extra,
2476295417785586688,15.284170357551448,-6.933927118888815,,20.787985,20.697025,19.657894,extra,20.745661990458792
2476199725914095104,15.266530004882824,-7.048866919079034,4854.01,17.003527,17.590227,16.251717,extra,16.97003976707735
2476186467350419584,15.285850161854102,-7.114941344477284,,21.238134,,,extra,
2476186463055051776,15.295658068533426,-7.110346529780031,,20.244436,20.712507,19.58771,extra,20.200966684970446
2476200069511494272,15.226911525558478,-7.013110346306536,,20.301117,21.24305,19.006798,extra,20.56891719870502
2476199657196909952,15.209490234729973,-7.045770407233792,,19.743954,20.54742,18.733282,extra,19.811058924060728
2476199691554348928,15.243341613992374,-7.060680667352839,,19.205797,20.133217,18.14153,extra,19.34314786806232
2476187218969297920,15.291922900922724,-7.104959924603575,,19.786037,20.80233,18.600306,extra,20.033092656005174
2476187493847209984,15.26128625992033,-7.094793386750622,,18.739761,19.832125,17.64988,extra,18.97520836687088
2476185642717308672,15.221367625594203,-7.135154547452025,5044.7,15.385403,15.840565,14.764176,extra,15.342242820933848
2476187291984749312,15.273702249028663,-7.093610814385474,,18.59786,19.426544,17.692337,extra,18.63954591294406
2476187218969301888,15.282404523574865,-7.0968171391341635,,19.933214,19.777239,18.140625,extra,19.948783429336018
2476201031584064256,15.235833822061544,-6.982801828561839,5077.0,13.301772,13.856467,12.611485,extra,13.261545677953125
2476293802878454656,15.301820912704558,-7.0008908239237,,21.126749,,,extra,
2476295177266998400,15.223516183271368,-6.944473669242558,,19.807772,20.628355,18.789024,extra,19.883667133162295
2476294627511184128,15.305466131222989,-6.9458879691470825,,17.414625,17.916471,16.743402,extra,17.37175453715734
2476199833289252224,15.264353931974696,-7.041977933388708,,17.529428,18.760237,16.427822,extra,17.860053407741123
2476187459489158272,15.241769015848604,-7.094538914629334,,21.043682,,,extra,
2476185642717339264,15.2218905224701,-7.135494649033437,,20.865768,,,extra,
2476294799309865728,15.246976686389818,-6.98758474387595,,20.246231,21.036057,18.929693,extra,20.439673682577308
2476186359977558144,15.296341013492407,-7.130471495444122,,21.069513,,,extra,
2473480015183434368,15.333463336758559,-9.339938819604155,,20.700392,21.101753,19.591345,extra,20.689783347592346
2473479912104218752,15.33382767549507,-9.356088434738188,,20.834448,21.522894,19.724117,extra,20.896378360119282
2473480706673674880,15.287662973343421,-9.337675093312242,5461.0,13.952024,14.325711,13.417103,extra,13.916511102130402
2473485547100793728,15.293008834341343,-9.288706884824416,,17.77112,18.535513,16.868912,extra,17.794153301171757
2473482042407480064,15.392768341598991,-9.288920080732487,,19.733088,20.819836,18.65814,extra,19.956766254287654
2473480191277600384,15.272060864031198,-9.376095544127134,4472.6665,16.973866,17.588293,16.148941,extra,16.95208350825915
2473481973688001920,15.40555759908572,-9.29639029985314,,20.429789,20.771002,19.940458,extra,20.40103409069854
2473484172711256192,15.225664844270986,-9.30452790343785,,19.522099,21.116243,18.134613,extra,20.470888373998676
2473481114694541824,15.292414551061404,-9.299504776631922,,18.372784,18.749647,17.837626,extra,18.337019744076038
2473482523443814784,15.31488635340913,-9.301005782299487,,19.046291,20.36488,17.845951,extra,19.518701844737816
2473481767529570304,15.416157207147892,-9.30652335782101,,20.544237,20.371199,19.983124,extra,20.584347061973922
2473484207070996096,15.240582187926782,-9.295568911974147,,20.540672,20.66692,19.901556,extra,20.518972813326346
2473482630819029376,15.308619228214075,-9.284192360817107,3526.54,17.044878,18.741112,15.785122,extra,17.962274074752248
2473480152621858560,15.254634283174163,-9.372756752314169,,19.420528,20.517248,18.169924,extra,19.761505742257036
2473469432383489152,15.399888997045165,-9.356028126205944,,21.08342,,,extra,
2473480015182909056,15.335305619083526,-9.338754277945185,,20.0682,20.95399,18.921478,extra,20.224522447966617
2473480702377676672,15.298774969933934,-9.336469883056793,,20.033054,20.928484,18.81302,extra,20.231324880343482
2473480702377675776,15.287114560021218,-9.34301758964276,,17.449171,17.888504,16.830177,extra,17.40635271042081
2473481183414012288,15.391067928370662,-9.345977822626317,,20.426561,20.488033,19.644787,extra,20.39657762716821
2473480874176367360,15.27684988020241,-9.342993954877034,,20.789444,21.382786,19.842081,extra,20.784366069816816
2473482454724564096,15.344319600268266,-9.294433488985932,,20.90079,20.895622,20.072609,extra,20.87278644895969
2473480496219244544,15.264552302305148,-9.349077250997585,,19.467928,18.640156,17.210993,extra,19.44474528769107
2473480908536584064,15.283877487874737,-9.33451436157081,,20.913836,20.718096,20.219784,extra,20.932672727068674
2473481801889308416,15.424936607644053,-9.309325800824551,,17.669386,18.991514,16.525913,extra,18.09849190889768
2473483966552825728,15.236911670640392,-9.308439672406749,,19.784035,20.293005,18.956846,extra,19.750330919704197
2473480805456892416,15.307384675801176,-9.33303476877997,,19.917948,19.48537,17.94677,extra,19.912470698986375
2473480908536109184,15.283239015796827,-9.323299086747685,,20.164783,21.275599,18.781443,extra,20.616795845001974
2473481698810092160,15.426356323091591,-9.319941376522673,,20.274416,21.095547,19.29249,extra,20.33777412875126
2473469432383488512,15.39822414156694,-9.362653027922459,,20.16935,20.327795,19.680645,extra,20.163448297776846
2473484039568296320,15.276535947966561,-9.29787974192844,,17.489882,19.130434,16.218096,extra,18.355238293848906
2473480805456893184,15.302423593940366,-9.326410986473375,,20.308912,20.748617,19.56751,extra,20.266231575789895
2473483519876224128,15.229721272125104,-9.328843200744164,,19.5185,21.02235,18.173023,extra,20.31182043997931
2473481527011696896,15.359585040305003,-9.328775155006333,,20.533758,21.186197,19.03351,extra,20.752369379481657
2473482351645417984,15.341407639865842,-9.303556366144141,,20.272974,21.460289,18.916851,extra,20.766050115519167
2473480358780288896,15.242263490504731,-9.371758098638171,,18.856478,19.56953,17.909653,extra,18.877794976419956
2473479465427090560,15.28574836163907,-9.375800598796522,,19.772112,20.071177,19.076048,extra,19.731426066513567
2473479602866043904,15.329099196445059,-9.377891106563625,,19.177717,20.092058,18.061539,extra,19.33308798679132
2473480118262119040,15.236264900759917,-9.382357298950339,,19.695387,20.607656,18.595257,extra,19.842227005126205
2473479534146566912,15.346767726094889,-9.382232116084872,,17.723955,18.27814,17.01394,extra,17.68480239262075
2473480805457431040,15.30490799737521,-9.336681896169729,,21.156706,,,extra,
2473480805457431296,15.308241422507871,-9.327240856891635,,21.206581,,,extra,
2473386560989782656,15.208706192974567,-9.373489916248843,7800.0,7.3531103,7.4742994,7.1828065,extra,7.413571014579617
2473482557804072832,15.330161295031338,-9.29126541769204,,20.793056,21.631224,19.519405,extra,20.989386172930928
2473479985119175552,15.325807005962917,-9.34938113219092,5482.0,13.338908,13.718114,12.8077755,extra,13.30326718229039
2473484344510431360,15.25836834154302,-9.276328028534017,,20.852367,20.869564,19.772047,extra,20.808962020177884
2473480977256072192,15.27054488912328,-9.328262170416476,,20.335161,21.138813,19.069548,extra,20.50950045191595
2473481045975289728,15.304918928563511,-9.31434353429185,,21.24513,,,extra,
2473482489084620672,15.355811612627464,-9.285706840573475,,21.069191,,,extra,
2473481634386635776,15.376342590298824,-9.311898005121616,5375.0,15.255679,15.652664,14.697789,extra,15.217085327596502
2473467924851110272,15.38390209493948,-9.375243164229857,,20.64526,20.143618,18.586832,extra,20.643308132772873
2473483352372570240,15.206799144817637,-9.350317047166259,,20.245558,20.71984,19.267076,extra,20.225695002446365
2473386560990490880,15.202875022341486,-9.378248229938345,,17.12761,17.748562,16.288176,extra,17.108876764969384
2473482871336232704,15.374854708301894,-9.276331655322736,,17.316465,18.263876,15.253559,extra,18.301110982233507
2473482459019371392,15.346028286876846,-9.286618136112677,,19.460331,21.045881,18.070824,extra,20.40101377947789
2473481153350299392,15.37635518790143,-9.352700754989504,5779.282,15.075361,15.376287,14.609653,extra,15.053512621654061
2473482081063234304,15.394114285913751,-9.281570705210711,5375.0,15.806594,16.202633,15.257009,extra,15.76855933586558
2473482871337216512,15.374655029526402,-9.276314234870078,,17.105383,18.25068,15.256182,extra,18.070160337855697
2473469367960039808,15.414864187535017,-9.366300799603923,,18.069965,18.918919,17.140276,extra,18.12532316699679
2473469333600301568,15.400813356565182,-9.375512410370883,4972.85,14.999377,15.534506,14.328585,extra,14.957449184859076
2473484241431200896,15.21515009970294,-9.289442719662594,,19.466845,20.29509,18.196133,extra,19.656399327594148
2473482798321949952,15.387478032038741,-9.280522081961308,,20.914442,20.94773,20.438227,extra,20.931250258149493
2473484138351746176,15.266128813249805,-9.282828152987948,,20.787348,20.775263,20.044893,extra,20.769936556237614
2473479710240784896,15.345494550721988,-9.370746111836203,,20.89536,20.908663,19.967812,extra,20.857624999054522
2473483932193312768,15.264897936891614,-9.313592194176891,,20.905882,20.832556,20.243166,extra,20.90898469269172
2473484207071221504,15.243263628394002,-9.292494414496542,,21.211922,,,extra,
2473485551396790528,15.293491746030853,-9.278313443863661,,17.85182,19.131926,16.720615,extra,18.23913766511658
2473480775393157632,15.333453587947082,-9.327781388240284,6420.3335,11.69769,11.946784,11.302683,extra,11.692243516954097
2473484138351522688,15.26757136164974,-9.277304459014687,,18.0858,19.109854,17.044802,extra,18.258028577369917
2473481217774281216,15.367572107197358,-9.348411895195746,,21.117775,,,extra,
2473480603594460672,15.289005482827564,-9.35711374808374,,18.96442,19.31236,18.448225,extra,18.9325237237692
2473480599298967808,15.284589669185793,-9.358144659945964,,20.914011,21.36465,19.639856,extra,20.95294592542957
2473484039568296192,15.268175614560187,-9.300091361306512,5470.0,13.359018,13.748624,12.819156,extra,13.32202832457615
2473480672313937024,15.285865495147029,-9.342183713141269,5781.2,16.273046,16.606197,15.777324,extra,16.244456332907028
2473484245726726144,15.2138404015753,-9.290268486394504,4886.8975,16.263554,16.731817,15.638714,extra,16.220186214735122
2473480328716553600,15.231831351870246,-9.37174078505447,,17.914692,18.816984,16.96128,extra,17.99650406542359
2474036063125310464,12.971942174459704,-9.295935490777051,5401.6665,13.803412,14.18976,13.27064,extra,13.767137085024693
2473844675087220352,12.984586186716612,-9.45296419735138,,19.716433,20.133747,18.502113,extra,19.730810178855236
2473843163258758144,13.02959499659106,-9.449105157096312,,20.918886,21.955416,19.475452,extra,21.359433352950816
2473843781734055552,13.063371598413214,-9.40631762428692,,18.70964,19.857086,17.554207,extra,19.020246013055296
2473847183347027840,13.062221295798508,-9.356144339252463,5807.0,11.753419,12.090555,11.267703,extra,11.725431697436
2473846942829018880,13.065886595143663,-9.36907460344905,,20.89909,20.818968,19.481441,extra,20.86551179505041
2473843781733074560,13.067183877995365,-9.404159168037781,,21.017538,,,extra,
2473843781733073280,13.069177526764943,-9.40694070818024,,20.11817,20.961468,18.75836,extra,20.365869845526106
2473841277768505984,13.019411993108946,-9.496591195401994,6150.3335,16.362776,16.619118,15.930428,extra,16.35090460097548
2473840624933477504,13.039364447062074,-9.498256601842765,,19.76631,19.178885,17.626604,extra,19.763468957381825
2473846736671565184,13.057103069427153,-9.393728473095656,,21.10667,,,extra,
2473847737399313280,12.970016253391396,-9.348737264974714,,19.698383,19.795527,19.30515,extra,19.718673431909316
2473847703039575168,12.968483548329326,-9.359724830836432,3928.0,16.449398,17.335901,15.521719,extra,16.516517946642722
2473840586277364480,13.065306574608325,-9.497169251732064,,17.882305,18.532854,17.092941,extra,17.860601054412548
2473847462521407232,12.9909822464828,-9.365357316221077,5761.5,15.905234,16.24108,15.39923,extra,15.87538324269872
2473842166826363392,13.073534417945375,-9.464655059471667,,20.678625,21.35919,19.216686,extra,20.891577005693488
2473841621365888512,12.985334012585101,-9.475989852070432,,19.989763,20.761644,18.987984,extra,20.043531168618962
2473844748102078720,12.972406338142408,-9.44796500707068,,19.893736,20.093489,19.285387,extra,19.867270037624223
2473841690085364864,13.020039325291446,-9.453587926169286,,18.812532,20.24023,17.562557,extra,19.42753475239883
2473846225570828800,13.017938933356186,-9.430163498763063,,18.563751,19.572567,17.503456,extra,18.738013083034268
2473840654997155072,13.046865555692348,-9.490016886559774,,20.480906,19.890358,18.401789,extra,20.46659758340568
2473841273472445568,13.020174877836936,-9.491765755474276,3858.0,16.95025,17.831184,15.3932705,extra,17.357757476935607
2473842892676208896,13.049623453717397,-9.475400119227116,,18.886442,19.023846,18.586258,extra,18.916717654355118
2473848321514891776,13.001730926190561,-9.31189700771772,,18.246523,18.858154,17.47572,extra,18.21755088216548
2473841685789310208,13.010606839488755,-9.464037648272772,,20.670656,20.932257,19.734814,extra,20.628442687034852
2473847118924049280,13.028503922734542,-9.356890568638951,4347.075,13.533334,14.319012,12.680027,extra,13.549475774437287
2473847909198031488,12.99905739165646,-9.342287629458184,4434.0,15.827445,16.488684,14.967722,extra,15.818710135441966
2473847840478554880,13.006268820120278,-9.364832239643492,5086.76,14.33174,14.780891,13.719607,extra,14.288857450502613
2473846431729282560,13.023753561547837,-9.394181271169018,,20.03487,20.352062,19.422009,extra,19.99784097199322
2474036299347466112,12.968330329855906,-9.274561878167022,,19.832792,19.973999,19.217016,extra,19.81208874047891
2473843270633353216,13.036440034138417,-9.435455373496833,5793.5,14.730118,15.091186,14.206571,extra,14.696478169815236
2473840590573761024,13.06765034720667,-9.496447971142532,,18.958485,20.372004,17.653719,extra,19.61335962504436
2473842927035969792,13.064187654744977,-9.463238172559565,,19.827457,21.068386,18.493053,extra,20.3481551152128
2473846736671563392,13.054712128585146,-9.402185981387664,,21.01416,,,extra,
2473870719767986560,13.064334682434339,-9.331757333272554,,19.954512,20.878996,18.658886,extra,20.212424854947148
2473846633591647488,13.022593859832604,-9.387559070140648,,19.037193,20.725496,17.744104,extra,19.98568813647559
2473871583057775488,13.056245924733993,-9.299542666306312,4488.62,16.851055,17.490158,16.080078,extra,16.825383374886272
2473871548698036992,13.04113308069199,-9.303931931830205,,17.742924,18.119154,17.19123,extra,17.706038732005347
2473871789216204928,13.036640236816632,-9.288743631016054,,18.105957,18.645119,17.363447,extra,18.067918369341786
2473847423865631744,12.985083154283899,-9.371137642335544,,20.757227,20.773926,20.013485,extra,20.736110431179387
2473841685789312000,13.018546115948196,-9.454833795311892,,18.548525,20.008436,17.303623,extra,19.19001659217171
2474036058829759744,12.98213983191488,-9.293969412509709,,21.226423,,,extra,
2473841342191922048,13.006874200009465,-9.491727512187714,,20.222113,21.35554,18.943752,extra,20.609787863347282
2473843786029439104,13.06446157065437,-9.405139348120214,8582.667,15.417012,15.37749,15.468269,extra,15.568379238577672
2473870655344840832,13.073956013213394,-9.330447311534499,,20.015509,20.386862,19.260296,extra,19.972045436888294
2473843231977540480,13.028754846396943,-9.441976393697123,,18.97658,19.28189,18.440025,extra,18.94672781458853
2473848218434328064,12.986765106710727,-9.315183836652801,,20.44959,21.291538,19.037115,extra,20.728744445855053
2473843300697020160,13.04897095367321,-9.427118617674067,,18.990007,19.511929,18.207306,extra,18.953633858194515
2473846255634520832,12.998038986908291,-9.41892527397293,,20.373035,20.678577,19.677185,extra,20.332074071465073
2473846324353997312,13.031722723091066,-9.420108041486989,,18.973648,19.819763,18.008492,extra,19.039776541094035
2473848012277255808,13.035030723095456,-9.333671690979005,,17.372934,17.874495,16.72139,extra,17.329703876137945
2473871887999118464,13.058197125814479,-9.278868614980768,,17.981606,18.988153,16.965752,extra,18.133128403462514
2473847977917517568,13.02986166299096,-9.339559305429852,5953.8223,16.193604,16.47452,15.74484,extra,16.176280487125158
2473843786029438848,13.067830275335174,-9.400973133934807,4550.0576,15.909651,16.550003,15.146683,extra,15.883139157354002
2473871784920138880,13.044200583711177,-9.295736207887176,,19.801977,19.836945,19.24287,extra,19.804319987476656
2473843786029458432,13.058728350222717,-9.399396469878111,4953.0,15.962642,16.550377,15.243613,extra,15.926436045149845
2473848355874660736,13.013502141132115,-9.2970958000724,,20.086039,19.576963,18.09498,extra,20.070661479382082
2473847909196576896,12.999389039905779,-9.342139544303885,,18.133615,,,extra,
2473843820389196672,13.064082299197882,-9.395138586810587,,19.982021,20.475924,18.99766,extra,19.966049261087008
2473842166827986688,13.071007634038596,-9.466601833150422,,19.602135,20.720491,18.357851,extra,19.953921659304267
2473843408071642496,13.057811291291436,-9.41834654458884,,21.23327,,,extra,
2473848145420140672,12.996634512412356,-9.33009855754859,,20.836807,21.511425,19.820768,extra,20.866184773512664
2473848214139617536,12.987714256798608,-9.321261955696292,,19.85175,21.130476,18.74721,extra,20.21837345903093
2473848351578571648,13.011675459082289,-9.29879070516674,,20.018322,19.351028,17.862373,extra,20.004027686090577
2473843713016216576,13.074970266371183,-9.417087759002705,,20.440296,21.095844,19.255917,extra,20.516403685046267
2473840654997179648,13.052105790781829,-9.489234467271679,,20.027683,21.300882,18.653479,extra,20.61387998830574
2473841273475196800,13.01612831053955,-9.498048989230659,,20.975946,20.78966,20.27799,extra,20.99236444067629
2473848214139621120,12.988593820214252,-9.3249310755985,,20.014217,21.013765,18.733887,extra,20.309679550770767
2473846564872169344,12.99157217389152,-9.396754978465419,,20.036722,20.677488,18.987776,extra,20.06584448935062
2473843781733075200,13.069412522074915,-9.403313578779047,,17.708715,18.45174,16.821524,extra,17.72275514611834
2473842995755446400,13.052281168202047,-9.458423644908155,,18.668419,17.772114,16.447859,extra,18.63365516618072
2473841380847720960,13.03024469955936,-9.491282855776003,,18.022589,17.301405,15.867838,extra,18.00000538489654
2473846534808472704,12.97482197729832,-9.399625074687851,5022.88,16.944489,17.406218,16.318111,extra,16.901172229230433
2473846706607164288,13.007708360909813,-9.377663370674595,6380.0,10.69573,10.958675,10.298262,extra,10.687874944323884
2473846637886678784,13.019033132680669,-9.3813354384133,,20.726505,20.711233,19.83014,extra,20.693155603625478
2473846294289322624,13.013877763322643,-9.41039818925087,,21.214478,,,extra,
2473847084563580672,13.022308329095942,-9.363459575833124,,21.39222,,,extra,
2474035990109810176,12.988026256507656,-9.29782130353099,,18.30385,18.767204,17.690119,extra,18.26067907930421
2473841518286673920,12.990275219504973,-9.489290262527808,,18.090816,18.527504,17.464457,extra,18.04789667651503
2473843408072415232,13.06202946101364,-9.414451251797754,,20.869751,20.272518,19.367537,extra,20.83450936452698
2473843335056464896,13.063334827731332,-9.42740371092605,,20.702862,20.808762,19.74345,extra,20.659897121451223
2522821840725875840,12.880951346268771,-7.037104093478599,,17.170513,18.44895,16.041403,extra,17.55501816696449
2522821840725875712,12.879145493485074,-7.0356548698494095,3562.0,16.769732,17.919432,15.696953,extra,17.029084246110365
2522821840725876096,12.883192660720209,-7.03999092951576,5282.303,14.996659,15.377825,14.446426,extra,14.959539857616956
2522820668198881664,12.929076169647036,-7.0861216984994515,,20.749754,21.364077,19.409681,extra,20.870717030779378
2522816927283313792,13.074081265619254,-7.1127165993242265,5321.6665,15.589754,16.012028,15.0109005,extra,15.548804406265253
2522819607342905472,13.038038435835967,-7.044163281248893,4124.1934,16.757885,17.582354,15.882708,extra,16.78971597087404
2522817270880696832,13.038991294873881,-7.092216365584867,,19.308537,20.296747,18.371132,extra,19.41745652190855
2522817270880696704,13.045458572048073,-7.0885981761299535,4139.577,16.911688,17.978064,15.90097,extra,17.089981636646257
2522814900058748800,12.86844660918276,-7.1042514986251835,,20.177134,20.4377,19.681007,extra,20.156465554163308
2522811601522811904,12.905190847035874,-7.13879031164694,4441.0103,14.569888,15.21004,13.783089,extra,14.546407885965365
2522818022500192512,13.024260858124284,-7.078875381473223,,20.9961,21.165974,19.68688,extra,20.980260285292143
2522819676062393984,13.069785033981715,-7.043399024341592,,18.323565,18.884583,17.64168,extra,18.28323195726377
2522818400458542080,13.004810968459378,-7.044383610036727,,20.96069,21.837076,20.163115,extra,20.985630453565225
2522818817068935680,13.072004294156681,-7.059601843385871,,17.91207,18.26859,17.40169,extra,17.879930644276456
2522817850700290560,12.969783350963363,-7.073847784560856,,20.621033,21.286322,19.480947,extra,20.685168902962136
2522816819908224640,13.06339976836023,-7.11806768413279,,19.437641,21.10167,18.097456,extra,20.41459356877205
2522819572983167232,13.054174078497105,-7.049542207777087,,19.205708,19.573385,18.783371,extra,19.181195107973515
2522816927282311808,13.074514567828988,-7.12232823175193,,20.19076,20.305033,19.71,extra,20.192948265192037
2522820741214378880,12.92244854272427,-7.076965113076839,,20.48445,20.684343,19.808752,extra,20.451562164143176
2522816682471804416,13.017790127435147,-7.125900840890698,,20.163366,20.490889,19.841337,extra,20.157107293012743
2522816892923680896,13.056789684573216,-7.110391417407448,,20.6383,20.999844,20.102324,extra,20.603629737007843
2522818164233873664,12.991015125123862,-7.0773521697342465,,19.197746,19.278711,19.028553,extra,19.26733506133356
2522815101923804416,12.874537666506674,-7.077901936953759,,20.80919,21.23839,19.858398,extra,20.77994352882224
2522814586527729280,12.875515091838638,-7.137275135971362,,20.938606,20.414515,19.862118,extra,20.947882093084793
2522820741214250112,12.909942455315559,-7.076708173693681,,18.427216,20.046658,17.168316,extra,19.25325850762551
2522814590821083520,12.877537298969013,-7.1385702681247265,,19.612024,20.67343,18.543892,extra,19.817873563506858
2522815101923808384,12.882639247884983,-7.077195973398521,,18.520292,19.783403,17.408503,extra,18.88085864095366
2522821046155993984,12.927605548048428,-7.056575647201691,,21.158985,,,extra,
2522821802070238848,12.86965845379252,-7.051873144957167,,20.806587,21.10819,20.33692,extra,20.78419788474314
2522816686764618496,13.026858041237052,-7.1237003652177435,,21.00181,,,extra,
2522814689604401152,12.883014058173258,-7.117578476319718,,20.786844,21.179312,20.266977,extra,20.75105680918624
2522814998842047104,12.873781711489917,-7.090059890264089,,21.088717,,,extra,
2522816824203442816,13.064595401494701,-7.118279401730291,,21.076954,,,extra,
2522820977436524032,12.892232814544757,-7.06756471516182,,20.552185,20.499456,19.86381,extra,20.548012800257013
2522814998842036864,12.878253759787444,-7.097837488037574,,20.390802,20.792074,19.852152,extra,20.353126210512656
2522820913012941312,12.900551040558312,-7.071919185033667,,19.396698,19.793213,18.784058,extra,19.35541539337098
2522818400456047872,13.001660292711632,-7.039471682721203,,20.89721,21.58426,19.721352,extra,20.981676832404293
2522811459790100608,12.95285866155132,-7.138581117805904,,21.0393,,,extra,
2522818366096308224,13.000755178100235,-7.048128647443235,,20.79208,20.954866,20.05725,extra,20.757402271359425
2522811601523846144,12.90449986083909,-7.144669027454995,5366.0,16.976377,17.382917,16.413147,extra,16.93694421105827
2522821050451894912,12.920015928315198,-7.065821427120923,5411.3335,16.400002,16.80631,15.8447075,extra,16.36101997712588
2522811532804369664,12.943451539387516,-7.136720672974435,,19.026155,20.180088,17.931458,extra,19.30166378548891
2522814659540559872,12.864393292329268,-7.121217327704107,,19.899305,20.215824,19.218243,extra,19.85850976379249
2522821084811632896,12.936214244021292,-7.050436294424275,6102.5,11.595481,11.888547,11.152934,extra,11.577405641696455
2522821497128493184,12.951007381780002,-7.036580145093825,4933.1797,14.879048,15.348993,14.251571,extra,14.835643742693236
2522820638135035520,12.916136871522474,-7.091364460463999,,19.105902,20.80381,17.816847,extra,20.06129848880823
2522820672494773760,12.92966488782804,-7.0835834174636165,,19.9815,21.048082,18.833387,extra,20.236137769042102
2522817373959892608,12.978293276474302,-7.125063423490772,4018.9,8.104044,9.206319,7.0897393,extra,8.302910725137382
2522815037497680640,12.88565508122679,-7.082068803166988,,18.723087,19.688667,17.767887,extra,18.830034399965566
2522815037497680768,12.890998681058107,-7.082974670981321,,18.616215,19.775919,17.513039,extra,18.9007352615305
2522814831339250944,12.899431564739478,-7.094004921894796,5370.0,14.248403,14.649986,13.690064,extra,14.209516545680254
2522814968778204160,12.862691159645,-7.096262996667842,,17.85285,18.387938,17.173119,extra,17.81125374387151
2522817545758583552,12.981126506473007,-7.108001799761036,,19.197365,19.706223,18.181522,extra,19.189307479998533
2522817889355967360,13.012719506741604,-7.095117809051504,,20.194763,20.271475,18.697527,extra,20.1962948359554
2522814762619774720,12.901422883524898,-7.102794156252249,,19.523693,20.392431,18.625305,extra,19.575398137551694
2522818164233873536,12.977044903248503,-7.07865431563936,,19.26146,20.528685,18.095705,extra,19.665181781599227
2522816480606696704,13.029872431374171,-7.141336764059415,,19.889305,20.897102,18.826439,extra,20.064347526562628
2522816686765125888,13.009973117177,-7.122736342396274,,19.686756,21.179853,18.500332,extra,20.303542491185343
2522811532804370560,12.943178970347738,-7.14177609604869,,18.579271,19.431507,17.639214,extra,18.63905889658592
2522811700307174784,12.922425046170652,-7.138866896956408,,21.174265,,,extra,
2522822012524567296,12.851269463376687,-7.035784821156477,,17.259676,17.510292,16.834164,extra,17.24956365532551
